{
  "8.97425,-78.50402": 91.0,
  "8.97425,-78.50602": 93.0,
  "8.83808,-82.75814": 1261.0,
  "8.83908,-82.75814": 1261.0,
  "8.83708,-82.75814": 1231.0,
  "8.83808,-82.75713999999999": 1261.0,
  "8.83808,-82.75914": 1248.0,
  "8.66178,-82.45067": null,
  "8.66278,-82.45067": 653.0,
  "8.66078,-82.45067": 642.0,
  "8.66178,-82.44967": 640.0,
  "8.66178,-82.45167000000001": null,
  "8.6019,-82.2308": 715.0,
  "8.6029,-82.2308": 760.0,
  "8.600900000000001,-82.2308": 715.0,
  "8.6019,-82.2298": null,
  "8.6019,-82.2318": null,
  "8.7439,-82.2494": 1035.0,
  "8.7449,-82.2494": null,
  "8.7429,-82.2494": null,
  "8.0867,-80.9444": 86.0,
  "8.0877,-80.9444": 84.0,
  "8.085700000000001,-80.9444": 86.0,
  "8.0867,-80.9434": 82.0,
  "8.0867,-80.9454": 86.0
}